Time (s), Cell Name, Value
2.2527, C000, 1963.242
3.80456, C000, 4214.309
29.0348, C000, 421.435
46.15532, C000, 3132.555
176.51156, C000, 2932.419
177.01216, C000, 2651.834
293.55184, C000, 963.5488
294.55304, C000, 1494.524
43.90262, C001, 946.3026
44.75364, C001, 2270.505
74.83969999999999, C001, 703.3859
86.40356, C001, 587.9006
89.95782, C001, 802.9628
100.12, C001, 1045.361
171.2052, C001, 1298.12
171.7058, C001, 1159.381
172.40664, C001, 1433.621
173.65814, C001, 6380.946
206.14708, C001, 1776.151
213.95644, C001, 1283.095
215.60842, C001, 648.7325
216.30926, C001, 2633.017
272.42652, C001, 797.2056
312.72482, C001, 701.5364
108.58014, C002, 253.022
112.33464, C002, 1784.177
113.08554, C002, 6402.442
114.28698, C002, 763.1196
122.647, C002, 351.8684
201.2412, C002, 292.7918
274.02844, C002, 974.7753
274.3288, C002, 1478.453
274.67922, C002, 944.1161
279.48498, C002, 2996.008
285.24188, C002, 296.6737
288.19542, C002, 261.1413
39.7977, C003, 708.9003
41.0492, C003, 565.9697
41.90022, C003, 4748.377
45.40442, C003, 680.9725
77.44282, C003, 656.4652
185.67254, C003, 571.6373
202.89318, C003, 798.6458
204.79546, C003, 512.4561
231.22714, C003, 595.2968
312.47452, C003, 1225.697
314.07644, C003, 502.4911
116.43956, C004, 536.2689
134.96176, C004, 399.8014
140.06788, C004, 1204.083
140.96896, C004, 1184.291
141.81998, C004, 1208.253
142.37064, C004, 1079.13
143.1716, C004, 1957.791
143.52202, C004, 1921.453
144.52322, C004, 1837.517
145.52442, C004, 3214.195
147.12634, C004, 865.4074
159.04062, C004, 739.7913
306.1169, C004, 429.5461
306.96792, C004, 495.8376
309.07044, C004, 938.5132
137.4147, C005, 501.5027
139.4171, C005, 597.9285
139.71746, C005, 1914.173
140.26812, C005, 2701.149
140.86884, C005, 768.7017
141.61974, C005, 1054.046
145.6746, C005, 879.3437
146.37544, C005, 723.1178
147.22646, C005, 843.744
148.87844, C005, 718.1401
149.77952, C005, 1016.389
153.03342, C005, 652.6719
157.38864, C005, 2004.078
157.78912, C005, 1563.373
33.2899, C006, 514.6728
76.04114, C006, 407.5428
156.33738, C006, 1635.933
157.08828, C006, 1099.242
157.9393, C006, 503.8979
158.89044, C006, 566.6392
161.34338, C006, 341.0447
180.51636, C006, 331.5033
216.65968, C006, 516.5698
228.87432, C006, 389.6205
229.97564, C006, 517.3286
284.69122, C006, 498.2346
286.64356, C006, 565.8029
299.8594, C006, 489.5695
301.46132, C006, 550.7819
307.91906, C006, 619.6058
25.93108, C007, 895.8093
41.0492, C007, 818.6913
54.66552, C007, 563.0195
74.18892, C007, 447.0593
91.60980000000001, C007, 485.4153
127.85324, C007, 428.9124
128.05348, C007, 955.7634
128.253719, C007, 3134.635
129.1548, C007, 543.1537
149.77952, C007, 404.7791
150.53042, C007, 509.8947
163.74626, C007, 511.1715
165.54842, C007, 405.5184
166.4495, C007, 849.1817
83.95062, C008, 686.4088
132.508819, C008, 1315.085
133.960559, C008, 4969.647
135.81278, C008, 4901.7
141.36944, C008, 1372.108
171.05502, C008, 768.9639
172.60688, C008, 693.8947
204.64528, C008, 1041.561
207.29846, C008, 1656.098
212.10422, C008, 877.6204
212.85512, C008, 969.3522
213.45584, C008, 3109.693
231.12702, C008, 1267.416
265.117759, C008, 836.3977
266.5695, C008, 869.6589
275.73048, C008, 783.4796
278.73408, C008, 1665.267
296.05484, C008, 1384.429
298.3576, C008, 825.3951
299.00838, C008, 1007.456
305.21582, C008, 734.6603
306.96792, C008, 3036.344
79.99588, C009, 423.9695
80.29624, C009, 1717.902
80.89696000000001, C009, 549.4053
144.37304, C009, 423.3431
163.4459, C009, 835.8307
166.59968, C009, 1300.657
166.9501, C009, 739.611
193.78226, C009, 469.8687
206.9981, C009, 235.6183
232.22834, C009, 729.1981
232.62882, C009, 1106.734
233.12942, C009, 796.7875
233.37972, C009, 740.3059
234.58116, C009, 1868.378
300.76048, C009, 325.3321
41.09926, C010, 397.9677
88.1056, C010, 594.7893
112.33464, C010, 1359.903
113.78638, C010, 1206.824
115.03788, C010, 2199.889
135.9129, C010, 283.5237
149.47916, C010, 445.3221
155.28612, C010, 346.8331
160.34218, C010, 312.3239
171.2052, C010, 334.8091
184.12068, C010, 1074.388
185.87278, C010, 1069.087
213.60602, C010, 528.1376
214.65728, C010, 1893.612
261.21308, C010, 520.4236
275.22988, C010, 1049.119
275.63036, C010, 784.1516
276.43132, C010, 1620.967
277.03204, C010, 277.8252
277.13216, C010, 441.8904
277.23228, C010, 862.0986
277.43252, C010, 300.2407
282.03804, C010, 1503.038
295.1037, C010, 1136.178
298.45772, C010, 452.7737
298.75808, C010, 2343.412
308.82014, C010, 951.4325
309.8714, C010, 367.4131
310.97272, C010, 265.5064
312.57464, C010, 320.3517
198.13748, C011, 877.1599
211.95404, C011, 540.6165
212.90518, C011, 1291.702
214.65728, C011, 2022.323
215.20794, C011, 485.354
215.60842, C011, 361.76
219.66328, C011, 1798.74
279.48498, C011, 389.4504
281.73768, C011, 711.2449
282.43852, C011, 1561.611
17.87142, C012, 284.9769
116.73992, C012, 255.7723
149.57928, C012, 1350.35
170.30412, C012, 1109.812
171.00496, C012, 771.1913
171.85598, C012, 1434.474
173.7082, C012, 2417.013
174.90964, C012, 1130.336
223.2676, C012, 1124.804
226.97204, C012, 2692.38
228.07336, C012, 1722.938
281.43732, C012, 1023.118
282.03804, C012, 583.699
282.3384, C012, 947.924
290.54824, C012, 366.3317
294.30274, C012, 446.5856
294.90346, C012, 349.1031
295.15376, C012, 448.4842
297.75688, C012, 3440.994
298.75808, C012, 2259.835
301.76168, C012, 3006.484
302.31234, C012, 1673.167
308.77008, C012, 2427.944
312.47452, C012, 1054.537
113.8865, C013, 1171.122
114.93776, C013, 5468.108
116.3895, C013, 5220.925
139.81758, C013, 722.8778
143.22166, C013, 750.0002
146.97616, C013, 2932.067
147.87724, C013, 3618.207
149.77952, C013, 3567.447
150.98096, C013, 2829.286
152.28252, C013, 4700.2
152.83318, C013, 1480.571
155.13594, C013, 4715.84
157.1884, C013, 6808.54
264.11656, C013, 387.6392
136.56368, C014, 421.9008
142.22046, C014, 939.6019
143.12154, C014, 1108.336
146.47556, C014, 2572.138
149.07868, C014, 2361.311
149.82958, C014, 907.9141
155.33618, C014, 673.0017
34.39122, C015, 1873.405
36.24344, C015, 1054.332
39.0468, C015, 1397.476
40.34836, C015, 1365.77
41.39962, C015, 1668.954
43.70238, C015, 1250.592
44.20298, C015, 1732.339
71.93622000000001, C015, 878.6348
76.24138000000001, C015, 778.3348
77.14246, C015, 1021.207
77.64306000000001, C015, 890.6993
96.06514, C015, 646.2344
108.22972, C015, 875.0898
111.73392, C015, 652.0115
114.08674, C015, 1956.323
116.43956, C015, 540.6269
120.6446, C015, 462.1207
121.8961, C015, 3831.258
122.24652, C015, 1624.105
123.59814, C015, 1666.745
125.25012, C015, 5402.798
137.1644, C015, 509.474
140.81878, C015, 931.0986
144.4231, C015, 1085.805
147.07628, C015, 1835.982
149.62934, C015, 534.5456
151.4315, C015, 521.4746
158.9405, C015, 775.7189
196.58562, C015, 711.6303
201.79186, C015, 1644.329
203.2436, C015, 964.5205
203.59402, C015, 1991.234
210.60242, C015, 710.5107
222.0161, C015, 1125.944
249.64922, C015, 640.1876
302.3624, C015, 2063.122
309.67116, C015, 1616.144
15.11812, C016, 827.4805
17.0204, C016, 471.6589
17.47094, C016, 728.4793
18.82256, C016, 836.3422
22.2767, C016, 675.8493
36.64392, C016, 856.3612
40.44848, C016, 1943.296
64.3271, C016, 954.6893
64.97788, C016, 447.4464
76.54174, C016, 479.6095
77.29264000000001, C016, 504.4318
86.20332000000001, C016, 937.9726
87.15446, C016, 440.9542
111.43356, C016, 452.0693
115.58854, C016, 1296.451
116.6398, C016, 3849.141
122.59694, C016, 1595.62
148.1776, C016, 1560.12
149.12874, C016, 4935.069
150.53042, C016, 806.4984
151.13114, C016, 6122.479
152.83318, C016, 1134.905
154.6854, C016, 5615.611
155.53642, C016, 3587.349
157.48876, C016, 6345.816
159.1908, C016, 4137.875
175.51036, C016, 832.1594
182.56882, C016, 1095.424
183.9705, C016, 1391.644
185.12188, C016, 1405.266
214.65728, C016, 1314.968
223.2676, C016, 1100.74
227.07216, C016, 1468.494
247.2964, C016, 831.3453
261.26314, C016, 414.1349
265.768539, C016, 530.4327
276.28114, C016, 586.1479
277.23228, C016, 1637.428
281.98798, C016, 1797.239
294.3528, C016, 1111.224
295.1037, C016, 1111.761
297.857, C016, 471.3007
298.70802, C016, 1406.631
308.6199, C016, 1625.935
310.07164, C016, 1099.724
312.67476, C016, 1281.041
43.50214, C017, 278.2401
44.70358, C017, 1563.462
182.91924, C017, 611.8224
183.57002, C017, 1523.383
184.32092, C017, 3028.049
185.87278, C017, 532.3893
187.07422, C017, 1068.039
211.40338, C017, 444.5551
212.2544, C017, 715.8082
214.95764, C017, 576.6051
215.05776, C017, 2886.209
216.45944, C017, 1148.622
224.06856, C017, 1323.091
224.61922, C017, 1299.322
225.57036, C017, 235.1882
225.67048, C017, 763.3434
227.773, C017, 489.1988
228.42378, C017, 294.9387
229.92558, C017, 1833.626
231.82786, C017, 264.1839
274.12856, C017, 322.1252
277.53264, C017, 618.1191
278.0833, C017, 341.0972
282.53864, C017, 708.9859
282.78894, C017, 705.8751
283.43972, C017, 538.1946
283.5899, C017, 845.7292
285.0917, C017, 659.6337
299.20862, C017, 2037.959
300.71042, C017, 1279.165
309.1205, C017, 464.4855
309.22062, C017, 420.3389
309.67116, C017, 1048.011
310.02158, C017, 406.1575
310.42206, C017, 1865.829
312.97512, C017, 1321.969
313.27548, C017, 699.9418
313.47572, C017, 884.5352
315.67836, C017, 267.1759
316.3792, C017, 565.0864
70.98508, C018, 333.1931
71.38556, C018, 1098.795
72.03634, C018, 369.1592
233.93038, C018, 1175.324
234.73134, C018, 740.1385
236.38332, C018, 1146.921
115.08794, C019, 784.6808
116.58974, C019, 1083.906
122.44676, C019, 761.2708
137.06428, C019, 2195.299
138.4159, C019, 2227.887
139.46716, C019, 2017.235
142.02022, C019, 935.8002
142.57088, C019, 803.4706
143.12154, C019, 1428.076
145.72466, C019, 478.2305
148.97856, C019, 1202.843
149.87964, C019, 688.2603
155.23606, C019, 457.9967
155.9369, C019, 490.1621
157.28852, C019, 1014.351
26.48174, C020, 768.0325
26.93228, C020, 441.2393
28.93468, C020, 1942.298
29.48534, C020, 559.686
29.7857, C020, 1321.24
148.97856, C020, 391.5132
177.31252, C020, 775.6491
233.22954, C020, 491.4341
236.0329, C020, 557.9294
236.98404, C020, 486.8627
237.23434, C020, 889.0567
237.93518, C020, 1818.056
240.38812, C020, 633
305.31594, C020, 471.1313
106.02708, C021, 290.4244
114.3871, C021, 406.2563
134.71146, C021, 321.3996
138.96656, C021, 1022.599
139.6674, C021, 1481.551
140.26812, C021, 803.7543
140.71866, C021, 1840.596
141.87004, C021, 420.2921
143.57208, C021, 1348.816
144.6734, C021, 1246.249
144.9237, C021, 301.1244
145.02382, C021, 351.8351
147.12634, C021, 601.5735
151.1812, C021, 1528.942
151.48156, C021, 580.746
156.6878, C021, 666.3615
156.88804, C021, 1141.346
158.84038, C021, 1983.347
161.09308, C021, 2144.888
198.08742, C021, 400.1905
262.815, C021, 317.0591
311.92386, C021, 309.9717
16.219439, C022, 1482.146
21.92628, C022, 667.6484
22.37682, C022, 1612.642
27.533, C022, 374.1463
40.84896, C022, 359.8665
71.68592, C022, 408.1943
77.79324, C022, 366.7549
123.29778, C022, 413.5929
171.85598, C022, 874.2131
174.65934, C022, 642.7217
182.16834, C022, 297.9603
182.61888, C022, 738.7574
184.02056, C022, 859.5294
185.17194, C022, 2052.573
196.08502, C022, 437.6984
210.40218, C022, 638.3513
211.05296, C022, 1693.768
212.60482, C022, 1484.115
213.05536, C022, 570.8611
213.60602, C022, 447.9832
214.7574, C022, 758.8282
281.53744, C022, 458.656
281.98798, C022, 365.794
295.15376, C022, 316.5112
298.70802, C022, 472.9278
300.6103, C022, 789.17
302.76288, C022, 320.3626
312.67476, C022, 459.0092
312.92506, C022, 846.9656
46.50574, C023, 1047.915
46.85616, C023, 3345.704
114.08674, C023, 555.4651
130.406299, C023, 2178.993
131.35744, C023, 524.9498
131.60774, C023, 3162.778
133.71026, C023, 3717.892
137.96536, C023, 1883.794
140.81878, C023, 6612.066
149.27892, C023, 1925.18
150.63054, C023, 3767.016
153.63414, C023, 7456.299
154.48516, C023, 636.6724
158.84038, C023, 5596.532
162.24446, C023, 860.1863
163.59608, C023, 5588.089
166.84998, C023, 2614.258
168.9525, C023, 522.1484
207.29846, C023, 1107.85
26.23144, C024, 487.1317
31.43768, C024, 411.4205
57.01834, C024, 313.4732
92.41076, C024, 357.2086
92.76118, C024, 1561.097
94.56334, C024, 358.1252
226.32126, C024, 436.4761
241.63962, C024, 561.6722
243.19148, C024, 699.7267
22.12652, C025, 946.311
23.72844, C025, 986.2666
43.50214, C025, 651.2438
49.85976, C025, 424.3385
50.8109, C025, 1850.368
79.5954, C025, 512.2421
140.51842, C025, 764.2211
142.52082, C025, 769.9428
143.62214, C025, 1693.025
144.87364, C025, 695.8168
145.97496, C025, 1684.526
152.58288, C025, 1000.063
154.98576, C025, 967.6622
157.689, C025, 763.9364
187.67494, C025, 335.582
212.30446, C025, 2622.519
262.26434, C025, 838.8679
266.5695, C025, 446.2894
267.470579, C025, 592.2074
267.77094, C025, 1115.824
275.53024, C025, 328.1221
275.78054, C025, 361.2083
277.0821, C025, 3031.213
305.366, C025, 465.2818
1.20144, C026, 393.0981
1.5018, C026, 476.9208
1.90228, C026, 697.4539
2.503, C026, 1255.013
3.70444, C026, 2254.68
6.95834, C026, 481.2377
7.10852, C026, 2478.168
8.7605, C026, 2513.18
11.66398, C026, 2366.322
25.58066, C026, 471.9656
25.73084, C026, 1334.305
27.33276, C026, 852.0304
27.88342, C026, 2136.34
29.7857, C026, 354.8642
30.48654, C026, 2357.392
31.23744, C026, 1163.775
46.20538, C026, 1288.681
49.25904, C026, 357.5714
52.71318, C026, 1095.39
129.755519, C026, 455.2346
132.80918, C026, 625.3458
134.010619, C026, 2129.322
162.39464, C026, 944.462
163.64614, C026, 378.0277
164.04662, C026, 752.8149
165.198, C026, 442.8698
181.4675, C026, 484.9478
209.20074, C026, 308.7344
209.40098, C026, 317.1104
216.90998, C026, 646.4908
218.21154, C026, 332.795
218.41178, C026, 952.171
219.2628, C026, 1404.304
236.7838, C026, 322.4671
238.38572, C026, 1335.631
280.93672, C026, 745.3853
20.47454, C027, 352.1254
57.86936, C027, 545.3644
73.78843999999999, C027, 377.1536
90.75878, C027, 1159.325
91.91016, C027, 656.9896
92.16046, C027, 454.5135
101.52168, C027, 369.1106
115.03788, C027, 591.6844
138.11554, C027, 495.0381
216.96004, C027, 344.514
217.21034, C027, 1968.151
232.07816, C027, 699.8828
241.63962, C027, 471.2302
245.14382, C027, 1349.886
246.39532, C027, 1024.12
246.64562, C027, 1079.169
259.11056, C027, 850.9678
303.3636, C027, 2104.371
304.8654, C027, 433.5284
305.21582, C027, 416.2747
305.81654, C027, 745.7283
40.5486, C028, 1318.913
41.0492, C028, 433.5975
41.34956, C028, 1262.254
43.85256, C028, 2205.108
103.67426, C028, 341.1635
182.41864, C028, 1116.583
184.12068, C028, 1480.987
185.17194, C028, 423.9819
185.27206, C028, 431.3979
185.62248, C028, 437.9352
214.2568, C028, 479.5417
282.23828, C028, 771.8191
283.18942, C028, 364.6694
294.6031, C028, 381.6034
294.90346, C028, 404.0781
295.25388, C028, 774.0375
297.80694, C028, 1212.57
308.82014, C028, 942.1583
309.22062, C028, 383.992
310.02158, C028, 1755.129
311.32314, C028, 1672.047
312.57464, C028, 1896.973
40.64872, C029, 1532.74
40.89902, C029, 1224.107
99.41916000000001, C029, 1593.929
112.3847, C029, 1054.52
113.43596, C029, 825.8171
115.03788, C029, 609.8385
116.3895, C029, 1564.406
137.31458, C029, 1183.925
137.81518, C029, 1078.205
139.51722, C029, 2123.802
140.26812, C029, 1847.34
141.46956, C029, 979.7633
141.81998, C029, 905.0605
143.57208, C029, 1852.946
144.52322, C029, 487.399
144.77352, C029, 1342.001
145.62454, C029, 1901.678
147.07628, C029, 2528.493
149.77952, C029, 1129.86
151.4315, C029, 1348.646
157.1884, C029, 1519.533
160.99296, C029, 471.0112
174.75946, C029, 888.9113
182.51876, C029, 479.0177
182.91924, C029, 681.643
227.12222, C029, 556.9064
247.64682, C029, 1172.444
248.39772, C029, 1471.138
272.47658, C029, 833.3525
274.02844, C029, 571.3185
275.17982, C029, 1178.938
277.23228, C029, 840.739
281.98798, C029, 482.5135
282.23828, C029, 1626.208
295.20382, C029, 1213.869
308.8702, C029, 1042.065
312.97512, C029, 498.1768
5.40648, C030, 676.3125
5.85702, C030, 381.0061
6.0072, C030, 1577.373
7.0084, C030, 363.9229
7.15858, C030, 1060.756
9.06086, C030, 1828.562
9.311159999999999, C030, 1078.713
25.88102, C030, 1160.594
52.71318, C030, 479.8628
80.89696000000001, C030, 691.8623
82.29864000000001, C030, 1054.751
89.90776, C030, 1695.597
129.9057, C030, 897.1661
130.9069, C030, 2370.129
131.70786, C030, 3679.587
133.51002, C030, 2870.927
136.36344, C030, 3504.891
142.1704, C030, 2529.723
144.12274, C030, 2348.654
146.4255, C030, 2216.358
147.4267, C030, 641.6131
149.32898, C030, 1919.347
150.33018, C030, 452.3751
150.48036, C030, 1071.571
151.73186, C030, 3670.286
153.4339, C030, 2375.427
158.89044, C030, 3516.984
162.1944, C030, 915.3275
162.49476, C030, 2109.448
168.25166, C030, 2527.982
50.06, C031, 579.504
50.66072, C031, 2763.339
88.95662, C031, 783.4603
89.55734, C031, 1374.905
99.21892, C031, 1045.736
99.56934, C031, 1683.162
112.53488, C031, 2038.498
113.08554, C031, 1294.601
114.1368, C031, 1825.625
115.53848, C031, 2774.657
116.73992, C031, 390.5045
121.19526, C031, 601.9496
121.44556, C031, 1117.879
121.8961, C031, 481.2222
122.04628, C031, 2110.936
132.70906, C031, 533.16
135.01182, C031, 2656.684
136.21326, C031, 2765.095
138.71626, C031, 2763.518
140.4183, C031, 312.5409
140.56848, C031, 1530.548
141.51962, C031, 1719.42
143.32178, C031, 872.6158
144.07268, C031, 696.5145
146.4255, C031, 1926.303
148.97856, C031, 546.9535
152.98336, C031, 787.8967
155.63654, C031, 701.8434
157.63894, C031, 2292.375
161.39344, C031, 2104.705
264.11656, C031, 726.9904
267.5707, C031, 930.9042
273.77814, C031, 1390.279
277.98318, C031, 774.7565
4.70564, C032, 545.0824
5.10612, C032, 569.6997
5.35642, C032, 1036.427
7.509, C032, 473.3185
7.7593, C032, 440.4684
9.06086, C032, 458.0061
10.5126, C032, 675.5073
26.98234, C032, 495.6642
29.43528, C032, 1796.248
33.39002, C032, 583.0626
33.74044, C032, 998.918
49.25904, C032, 436.9391
171.30532, C032, 439.0307
254.20468, C032, 721.5546
255.20588, C032, 891.9924
281.03684, C032, 470.3788
29.13492, C033, 1106.845
29.7857, C033, 1208.241
31.23744, C033, 872.7695
31.88822, C033, 1464.943
70.98508, C033, 385.2602
168.40184, C033, 1686.299
169.7034, C033, 1899.315
177.01216, C033, 401.4324
177.26246, C033, 472.6572
177.56282, C033, 423.5215
177.9633, C033, 426.4833
235.98284, C033, 430.2291
237.93518, C033, 1453.59
279.68522, C033, 525.6346
279.8354, C033, 543.3224
280.38606, C033, 2138.514
281.43732, C033, 1362.238
283.18942, C033, 1127.488
303.31354, C033, 630.6151
305.71642, C033, 1529.517
306.21702, C033, 2107.334
314.32674, C033, 1583.559
314.6271, C033, 908.0565
96.06514, C034, 1465.176
97.41676, C034, 1170.852
97.96742, C034, 1699.008
98.66826, C034, 2905.243
101.52168, C034, 3411.443
103.1236, C034, 1145.709
103.47402, C034, 1242.051
105.52648, C034, 720.4336
105.8769, C034, 2709.344
132.00822, C034, 674.2977
153.53402, C034, 2833.915
154.23486, C034, 514.5798
154.48516, C034, 1542.901
156.38744, C034, 1574.916
158.74026, C034, 3533.015
237.13422, C034, 641.1082
238.7862, C034, 893.1645
241.63962, C034, 375.6538
241.83986, C034, 521.8055
242.49064, C034, 322.8809
242.69088, C034, 1721.116
243.59196, C034, 362.0871
243.84226, C034, 2730.458
245.69448, C034, 590.6892
254.15462, C034, 425.7236
255.65642, C034, 548.0982
256.90792, C034, 1498.08
259.26074, C034, 292.0313
114.98782, C035, 2320.897
115.43836, C035, 1704.679
129.30498, C035, 527.3477
135.96296, C035, 1626.862
139.81758, C035, 1291.194
140.81878, C035, 2589.82
143.07148, C035, 2163.553
147.07628, C035, 1748.464
155.13594, C035, 3898.161
222.16628, C035, 630.9928
229.67528, C035, 825.1304
236.73374, C035, 995.4581
265.91872, C035, 1332.931
107.72912, C036, 448.6451
166.14914, C036, 726.6573
167.9513, C036, 392.8081
172.65694, C036, 531.9875
173.80832, C036, 647.218
182.36858, C036, 1543.693
185.02176, C036, 3091.117
200.13988, C036, 805.4882
201.14108, C036, 654.8168
203.29366, C036, 431.057
204.84552, C036, 621.138
214.65728, C036, 1096.723
215.0077, C036, 553.022
223.16748, C036, 1089.887
223.61802, C036, 459.4995
227.12222, C036, 1867.33
231.32726, C036, 395.3452
231.47744, C036, 755.4004
308.66996, C036, 1022.561
309.72122, C036, 973.7551
311.32314, C036, 1162.824
312.57464, C036, 698.3044
73.73838000000001, C037, 407.4645
87.605, C037, 423.5392
88.1056, C037, 937.7597
113.98662, C037, 1745.497
114.73752, C037, 2491.421
120.8949, C037, 397.4566
121.09514, C037, 1394.633
121.59574, C037, 1468.254
121.84604, C037, 370.3821
133.960559, C037, 1354.985
134.6614, C037, 1742.331
135.81278, C037, 1503.547
138.06548, C037, 1339.319
139.11674, C037, 1192.271
140.61854, C037, 633.5452
141.21926, C037, 1243.685
142.97136, C037, 492.3167
143.12154, C037, 986.4556
145.22406, C037, 1953.937
147.97736, C037, 474.848
149.82958, C037, 1367.82
152.58288, C037, 2029.298
155.03582, C037, 1561.552
156.63774, C037, 1629.119
41.90022, C038, 643.7383
44.20298, C038, 1958.766
114.18686, C038, 1109.843
115.03788, C038, 880.6243
135.162, C038, 3491.931
143.07148, C038, 1184.656
183.4699, C038, 1639.782
185.37218, C038, 787.2938
192.9813, C038, 1397.24
205.59642, C038, 1632.915
310.27188, C038, 1160.17
3.7545, C039, 1213.388
6.5078, C039, 742.8855
30.63672, C039, 787.9351
53.86456, C039, 709.8257
58.92062, C039, 759.364
59.17092, C039, 910.2758
60.5726, C039, 1030.99
62.22458, C039, 777.7533
82.24858, C039, 560.7821
84.50127999999999, C039, 1029.978
85.6026, C039, 802.6951
89.45722000000001, C039, 808.8393
90.15806000000001, C039, 509.5315
143.1716, C039, 1128.832
146.47556, C039, 2107.189
149.02862, C039, 2501.339
149.77952, C039, 595.7566
150.58048, C039, 604.1163
154.33498, C039, 729.5732
155.28612, C039, 748.2289
157.4387, C039, 743.9822
168.60208, C039, 1384.645
168.90244, C039, 912.6841
169.60328, C039, 1798.979
190.17794, C039, 700.7855
234.33086, C039, 570.4344
235.13182, C039, 524.3321
246.5455, C039, 768.7652
247.0461, C039, 970.792
248.34766, C039, 1140.376
248.74814, C039, 1075.322
251.60156, C039, 649.3664
252.0521, C039, 583.8865
261.41332, C039, 639.7866
293.45172, C039, 731.5232
39.94788, C040, 675.296
42.25064, C040, 826.0525
88.25578, C040, 537.9435
110.28218, C040, 596.501
112.18446, C040, 563.2924
123.1476, C040, 508.5392
129.60534, C040, 541.32
133.960559, C040, 686.5724
179.81552, C040, 509.6548
186.62368, C040, 461.2034
196.18514, C040, 569.2096
199.63928, C040, 2456.146
202.19234, C040, 581.6917
202.29246, C040, 562.4274
204.39498, C040, 1098.497
210.55236, C040, 564.188
211.7538, C040, 544.5269
212.80506, C040, 618.0089
219.91358, C040, 520.2356
229.42498, C040, 437.1598
230.47624, C040, 418.7801
264.3168, C040, 441.0802
265.968779, C040, 453.7281
270.52424, C040, 460.3983
271.97598, C040, 436.228
276.63156, C040, 487.3534
281.28714, C040, 550.5356
286.54344, C040, 463.6752
305.66636, C040, 612.3569
31.2875, C041, 527.1384
33.89062, C041, 707.2943
62.42482, C041, 615.5251
102.02228, C041, 563.373
190.82872, C041, 481.6866
211.7538, C041, 501.1569
274.22868, C041, 501.6055
277.63276, C041, 1733.196
4.85582, C042, 953.9312
5.80696, C042, 1535.637
50.16012, C042, 416.084
50.96108, C042, 1058.635
51.76204, C042, 419.4579
98.16766, C042, 887.8221
99.01868, C042, 1079.389
99.56934, C042, 518.7077
103.67426, C042, 706.4487
106.27738, C042, 406.1806
111.53368, C042, 642.0399
114.1368, C042, 490.5134
115.78878, C042, 1111.562
121.59574, C042, 786.008
123.94856, C042, 521.7895
131.107139, C042, 683.1324
135.6626, C042, 1057.332
136.81398, C042, 707.5706
137.96536, C042, 1450.932
141.11914, C042, 1320.537
142.671, C042, 900.6517
144.87364, C042, 546.0238
145.32418, C042, 753.1547
146.6758, C042, 495.4007
147.37664, C042, 635.6647
150.78072, C042, 1087.559
152.23246, C042, 1179.338
154.63534, C042, 1133.675
156.08708, C042, 1154.936
180.61648, C042, 625.295
192.03016, C042, 545.6378
207.29846, C042, 681.2685
209.85152, C042, 817.0181
211.7538, C042, 424.2208
218.41178, C042, 853.0155
248.0473, C042, 1029.373
248.59796, C042, 1044.649
249.69928, C042, 986.2325
254.20468, C042, 420.3453
273.37766, C042, 426.4378
304.21462, C042, 898.0153
68.68232, C043, 771.9079
70.68472, C043, 1505.963
71.8361, C043, 1491.354
77.29264000000001, C043, 970.2316
82.94942, C043, 654.9547
83.50008, C043, 1070.041
85.65266, C043, 815.0065
87.05434, C043, 752.7264
125.45036, C043, 751.6241
131.958159, C043, 804.1509
133.00942, C043, 1624.127
136.01302, C043, 1656.082
137.36464, C043, 2208.976
139.4171, C043, 1849.344
140.9189, C043, 1395.838
141.6698, C043, 2923.104
162.39464, C043, 645.0845
163.1956, C043, 832.7201
163.54602, C043, 611.7441
261.71368, C043, 1425.291
263.51584, C043, 853.8856
264.41692, C043, 1019.189
265.8186, C043, 2112.803
268.121359, C043, 1379.135
291.3492, C043, 672.644
304.71522, C043, 1077.733
305.1157, C043, 1141.815
8.810560000000001, C044, 1076.254
9.711639999999999, C044, 1104.121
21.0252, C044, 990.5999
22.32676, C044, 2254.281
24.07886, C044, 1558.716
37.09446, C044, 2081.752
43.45208, C044, 1894.529
45.8049, C044, 1118.046
78.3439, C044, 1831.508
79.54534, C044, 1520.054
89.50727999999999, C044, 641.3859
131.30738, C044, 1073.997
131.908099, C044, 848.6243
142.02022, C044, 1623.065
163.39584, C044, 637.0175
171.50556, C044, 1920.234
172.75706, C044, 1050.861
176.26126, C044, 1553.582
182.66894, C044, 1477.079
183.62008, C044, 1247.694
185.27206, C044, 1414.286
187.82512, C044, 734.4821
196.03496, C044, 1457
196.4855, C044, 1320.637
198.7382, C044, 1000.037
201.19114, C044, 2005.836
201.89198, C044, 1109.382
203.2436, C044, 1499.385
206.04696, C044, 917.9606
213.90638, C044, 1753.319
216.45944, C044, 1528.719
224.7694, C044, 906.9417
228.87432, C044, 1857.938
230.62642, C044, 1217.693
233.7802, C044, 1929.744
283.03924, C044, 2124.135
283.5899, C044, 855.5469
284.49098, C044, 1433.214
286.8438, C044, 1432.204
295.50418, C044, 1712.962
296.45532, C044, 834.8727
296.90586, C044, 1124.744
298.30754, C044, 670.3087
300.46012, C044, 594.3087
311.92386, C044, 1843.984
72.0864, C045, 541.7672
133.960559, C045, 501.0542
134.36104, C045, 579.87
139.36704, C045, 739.6769
140.11794, C045, 891.1453
144.57328, C045, 563.8877
147.82718, C045, 572.4136
154.9357, C045, 538.6022
180.56642, C045, 605.6244
186.27326, C045, 579.9669
191.67974, C045, 600.4744
192.9813, C045, 500.1538
220.61442, C045, 553.6158
245.39412, C045, 714.2841
246.7958, C045, 921.9404
248.69808, C045, 1728.569
249.24874, C045, 1238.338
251.75174, C045, 568.6685
253.45378, C045, 830.0548
256.35726, C045, 533.2881
264.366859, C045, 516.042
264.96758, C045, 705.2283
279.18462, C045, 616.704
31.93828, C046, 426.692
46.95628, C046, 426.4457
51.96228, C046, 537.2161
62.42482, C046, 995.5594
64.37716, C046, 1398.391
66.78004, C046, 1527.457
82.04834, C046, 418.2335
192.9813, C046, 544.567
228.37372, C046, 397.1481
243.2916, C046, 1097.54
245.84466, C046, 1286.871
246.89592, C046, 867.7004
250.0497, C046, 427.2643
253.45378, C046, 1253.499
255.95678, C046, 1368.6
259.11056, C046, 1627.288
269.67322, C046, 1215.599
278.23348, C046, 408.5345
16.92028, C047, 698.6593
19.47334, C047, 716.431
61.97428, C047, 758.721
63.77644, C047, 785.0558
65.078, C047, 1063.16
82.69911999999999, C047, 1368.711
85.55253999999999, C047, 467.2663
108.68026, C047, 628.6135
152.08228, C047, 560.658
223.61802, C047, 457.6079
272.42652, C047, 1210.979
287.19422, C047, 745.2729
18.47214, C048, 643.1198
18.82256, C048, 620.957
22.17658, C048, 968.319
112.48482, C048, 1140.91
113.53608, C048, 905.6953
113.83644, C048, 2016.953
114.6374, C048, 1654.271
134.81158, C048, 600.4111
139.81758, C048, 1322.22
140.36824, C048, 1874.979
141.71986, C048, 1797.546
157.08828, C048, 768.5754
160.34218, C048, 632.4577
181.91804, C048, 718.3953
185.17194, C048, 745.886
203.19354, C048, 748.3821
204.69534, C048, 887.2805
216.10902, C048, 586.4127
222.91718, C048, 739.692
223.56796, C048, 592.6704
277.73288, C048, 621.776
301.41126, C048, 630.7337
312.6247, C048, 722.0374
63.87656, C049, 1863.754
66.42962, C049, 1533.535
68.43201999999999, C049, 769.6962
77.19252, C049, 1659.221
110.33224, C049, 1656.569
113.03548, C049, 1454.375
115.78878, C049, 1213
117.19046, C049, 343.5232
117.641, C049, 1715.387
119.29298, C049, 319.0051
119.74352, C049, 1283.691
122.09634, C049, 1410.5
123.69826, C049, 1391.113
124.69946, C049, 785.8967
125.15, C049, 955.1359
130.25612, C049, 1213.759
144.1728, C049, 1395.699
147.72706, C049, 992.5773
148.37784, C049, 406.4755
153.88444, C049, 1219.105
157.78912, C049, 1597.135
159.99176, C049, 416.1927
185.82272, C049, 707.0813
188.17554, C049, 969.6716
195.63448, C049, 1018.484
201.54156, C049, 865.5667
202.34252, C049, 545.4812
211.5035, C049, 534.0096
215.5083, C049, 1238.691
217.761, C049, 509.6235
222.81706, C049, 787.9805
224.41898, C049, 895.1517
246.84586, C049, 383.8544
258.45978, C049, 621.0022
259.410919, C049, 877.2761
260.161819, C049, 347.2159
260.312, C049, 792.9052
260.812599, C049, 679.89
261.86386, C049, 712.8306
263.26554, C049, 1068.132
264.71728, C049, 992.9766
265.768539, C049, 1065.736
267.0701, C049, 1324.521
268.5719, C049, 802.7568
271.67562, C049, 781.4725
273.37766, C049, 992.273
275.17982, C049, 1359.86
280.336, C049, 899.5007
281.73768, C049, 1164.332
286.49338, C049, 891.8625
291.19902, C049, 1084.852
293.75208, C049, 1236.156
306.26708, C049, 649.554
309.72122, C049, 515.5458
7.15858, C050, 1241.874
10.46254, C050, 1573.088
19.72364, C050, 1363.531
21.62592, C050, 1356.176
33.44008, C050, 554.1208
36.44368, C050, 885.1653
37.74524, C050, 868.3351
38.94668, C050, 941.455
78.54414, C050, 550.1692
130.456359, C050, 560.73
159.9417, C050, 541.4734
164.6974, C050, 704.1833
166.9501, C050, 508.8437
169.30292, C050, 728.0651
173.25766, C050, 892.9183
174.85958, C050, 509.1994
175.15994, C050, 477.9618
181.31732, C050, 1196.137
187.07422, C050, 856.9824
187.4747, C050, 890.7987
191.7298, C050, 522.3102
195.08382, C050, 734.3206
199.08862, C050, 651.3564
209.0005, C050, 732.8351
209.40098, C050, 531.1146
219.21274, C050, 650.9141
221.36532, C050, 1119.694
223.71814, C050, 851.0659
228.7742, C050, 1088.118
229.12462, C050, 637.2452
280.5863, C050, 775.5703
283.53984, C050, 749.5661
285.19182, C050, 473.9809
288.24548, C050, 748.8652
300.00958, C050, 564.8449
301.56144, C050, 605.5945
307.66876, C050, 1336.37
27.23264, C051, 868.6702
35.84296, C051, 1724.107
77.29264000000001, C051, 1434.278
134.81158, C051, 1253.994
149.87964, C051, 826.3338
290.29794, C051, 844.3266
0.15018, C052, 1799.567
9.611520000000001, C052, 695.9583
11.0132, C052, 2050.58
11.86422, C052, 2125.183
15.018, C052, 1969.774
16.36962, C052, 1015.689
17.2707, C052, 1610.667
17.92148, C052, 1181.354
18.57226, C052, 711.1322
27.533, C052, 789.1127
29.38522, C052, 2644.513
31.43768, C052, 1668.169
31.93828, C052, 935.1624
34.69158, C052, 2141.251
35.49254, C052, 871.7451
36.59386, C052, 846.9366
42.00034, C052, 1002.713
47.50694, C052, 1203.318
49.40922, C052, 1077.6
50.51054, C052, 1417.767
52.3127, C052, 1672.145
60.97308, C052, 1405.299
66.02914, C052, 796.4503
74.48927999999999, C052, 1827.504
77.19252, C052, 1294.996
80.096, C052, 907.5798
87.00427999999999, C052, 2110.519
87.50488, C052, 1362.325
87.90536, C052, 678.937
98.91856, C052, 866.3939
99.46922000000001, C052, 1195.188
100.17006, C052, 1341.687
110.28218, C052, 1845.04
111.33344, C052, 786.5941
112.23452, C052, 854.7771
113.58614, C052, 1839.547
120.94496, C052, 1320.563
123.3979, C052, 1464.316
131.45756, C052, 1246.745
133.359839, C052, 1411.016
133.9105, C052, 1610.194
134.6614, C052, 1141.253
135.86284, C052, 753.0098
142.72106, C052, 1119.87
147.82718, C052, 802.8326
148.4279, C052, 1267.055
149.4291, C052, 1892.958
154.9357, C052, 893.4092
156.73786, C052, 2617.544
159.74146, C052, 1223.589
160.14194, C052, 852.1639
164.4471, C052, 785.3372
167.50076, C052, 1307.972
170.25406, C052, 803.4486
170.60448, C052, 833.1164
171.7058, C052, 959.2498
173.60808, C052, 1266.373
181.86798, C052, 1139.963
183.11948, C052, 977.7894
195.78466, C052, 1342.919
204.54516, C052, 655.3247
206.39738, C052, 1140.547
207.09822, C052, 2256.09
210.45224, C052, 1192.946
210.95284, C052, 877.973
211.95404, C052, 879.7423
214.45704, C052, 658.8595
219.7634, C052, 2047.783
220.81466, C052, 1512.209
222.767, C052, 1401.522
236.5335, C052, 1552.595
239.73734, C052, 1499.865
261.0629, C052, 840.1691
263.816199, C052, 741.8602
266.21908, C052, 1399.155
82.599, C053, 860.1866
98.91856, C053, 616.9528
99.46922000000001, C053, 1426.793
105.97702, C053, 619.4626
106.3775, C053, 1301.943
114.33704, C053, 556.186
140.81878, C053, 773.0829
225.37012, C053, 617.6777
249.94958, C053, 594.1513
254.25474, C053, 1352.662
262.11416, C053, 579.8564
3.30396, C054, 1425.995
5.85702, C054, 1074.889
55.16612, C054, 830.8268
56.8181, C054, 909.9767
58.47008, C054, 1758.003
60.3223, C054, 994.6024
63.62626, C054, 1168.186
66.8301, C054, 914.3984
92.66106000000001, C054, 1343.341
94.11279999999999, C054, 868.3995
94.81364000000001, C054, 1080.89
96.56574000000001, C054, 1148.99
97.1164, C054, 1056.064
104.32504, C054, 1162.582
105.92696, C054, 1658.885
176.26126, C054, 790.9849
4.45534, C055, 1402.17
6.35762, C055, 924.7225
8.410080000000001, C055, 1408.69
9.86182, C055, 1538.514
20.22424, C055, 897.5818
21.2755, C055, 1181.27
23.67838, C055, 1582.571
27.33276, C055, 1324.285
29.98594, C055, 1327.63
37.14452, C055, 1798.976
38.09566, C055, 1086.479
39.64752, C055, 937.4488
45.10406, C055, 1422.834
49.35916, C055, 1506.132
50.51054, C055, 1268.945
52.0624, C055, 848.3633
68.48208, C055, 1141.592
69.48327999999999, C055, 961.7509
70.68472, C055, 1101.863
74.23898, C055, 1476.326
82.19852, C055, 995.9257
82.599, C055, 892.6351
83.50008, C055, 935.8263
86.15326, C055, 1155.046
88.40595999999999, C055, 1401.075
89.80764000000001, C055, 823.5378
99.01868, C055, 856.5256
104.07474, C055, 878.6621
105.72672, C055, 1270.866
108.02948, C055, 1486.59
110.98302, C055, 1013.723
112.43476, C055, 1268.712
114.03668, C055, 1030.802
115.83884, C055, 1052.895
119.6434, C055, 1564.04
124.34904, C055, 890.1841
132.95936, C055, 844.411
134.21086, C055, 1486.018
136.31338, C055, 953.6111
137.61494, C055, 1366.842
138.86644, C055, 879.2988
141.1692, C055, 811.7693
143.37184, C055, 1061.282
145.47436, C055, 1169.763
146.72586, C055, 1121.194
149.02862, C055, 1019.512
153.6842, C055, 894.6904
158.28972, C055, 458.0362
172.80712, C055, 942.2433
211.5035, C055, 914.5293
237.33446, C055, 1294.052
261.663619, C055, 1275.802
262.61476, C055, 576.4784
264.11656, C055, 830.6136
264.8174, C055, 615.9653
265.868659, C055, 1219.215
267.12016, C055, 609.9388
270.52424, C055, 1141.925
272.47658, C055, 1167.177
275.17982, C055, 1399.843
277.93312, C055, 1469.056
280.88666, C055, 922.6938
282.98918, C055, 1176.533
285.14176, C055, 864.5768
290.24788, C055, 918.527
299.80934, C055, 918.619
300.71042, C055, 602.1518
303.31354, C055, 844.636
304.91546, C055, 640.1252
306.21702, C055, 729.9406
14.0168, C056, 928.6676
16.7701, C056, 1119.45
18.72244, C056, 918.5795
28.13372, C056, 520.8264
32.73924, C056, 753.3081
164.59728, C056, 558.5624
167.75106, C056, 538.3625
186.82392, C056, 717.8285
194.38298, C056, 993.792
201.14108, C056, 1470.966
201.7418, C056, 857.5882
205.246, C056, 940.6534
227.17228, C056, 1716.17
282.13816, C056, 1039.03
308.66996, C056, 1829.507
0.30036, C057, 576.7635
4.95594, C057, 855.5108
33.490139, C057, 786.5512
35.74284, C057, 711.4628
50.46048, C057, 1405.115
71.53574, C057, 971.7258
73.23778, C057, 568.5786
77.89336, C057, 900.7438
78.5942, C057, 454.7834
83.19972, C057, 610.4634
86.15326, C057, 991.9607
110.3823, C057, 461.2621
112.23452, C057, 1140.765
114.58734, C057, 1289.934
116.23932, C057, 753.0068
120.8949, C057, 977.3301
133.61014, C057, 475.2638
133.960559, C057, 1034.02
134.61134, C057, 583.205
135.81278, C057, 1090.222
138.06548, C057, 1146.03
142.87124, C057, 1275.5
146.72586, C057, 726.9728
147.77712, C057, 506.456
149.47916, C057, 987.2003
154.9357, C057, 752.9863
159.6914, C057, 498.7236
160.34218, C057, 1374.573
170.35418, C057, 455.4775
171.75586, C057, 689.082
183.16954, C057, 718.116
185.42224, C057, 763.4766
187.92524, C057, 477.7054
204.54516, C057, 654.0565
211.90398, C057, 1286.003
222.81706, C057, 542.2344
231.07696, C057, 599.0621
236.5335, C057, 566.4533
240.23794, C057, 564.4465
248.09736, C057, 505.2639
263.76614, C057, 733.8975
273.02724, C057, 775.8564
275.8306, C057, 766.8671
292.20022, C057, 683.3378
295.8546, C057, 888.9098
300.8606, C057, 597.3027
3.65438, C058, 1335.02
6.40768, C058, 741.8143
8.71044, C058, 743.3248
14.0168, C058, 774.7349
20.67478, C058, 651.3835
21.0252, C058, 688.8209
23.42808, C058, 768.2818
24.07886, C058, 1063.561
24.97994, C058, 714.4717
45.5546, C058, 1528.29
49.10886, C058, 666.6152
128.6542, C058, 657.6729
130.05588, C058, 1140.363
141.6698, C058, 1826.905
153.6842, C058, 721.9342
162.54482, C058, 903.3535
162.89524, C058, 637.4325
165.74866, C058, 1173.628
177.2124, C058, 884.3202
189.17674, C058, 1092.523
206.54756, C058, 1079.976
207.34852, C058, 915.4202
216.85992, C058, 908.405
217.36052, C058, 691.097
218.11142, C058, 1148.203
221.0149, C058, 937.0948
225.92078, C058, 1094.62
228.2736, C058, 1279.632
228.92438, C058, 1020.026
231.67768, C058, 705.4344
234.33086, C058, 770.1656
236.0329, C058, 754.2382
239.18668, C058, 1036.268
2.10252, C059, 505.5459
2.40288, C059, 721.2494
4.5054, C059, 675.0253
8.61032, C059, 1623.591
12.91548, C059, 1148.591
16.16938, C059, 860.5098
20.97514, C059, 595.045
24.17898, C059, 477.0877
53.3139, C059, 913.8455
53.76444, C059, 583.184
54.8157, C059, 736.6978
55.5666, C059, 655.89
57.8193, C059, 859.7236
60.87296, C059, 1076.205
65.02794, C059, 907.624
84.3511, C059, 661.5831
84.95182, C059, 632.4767
90.30824, C059, 1076.634
95.76478, C059, 1168.716
97.21652, C059, 1084.694
100.8709, C059, 947.4642
102.623, C059, 854.4257
109.18086, C059, 1265.268
118.04148, C059, 886.2434
122.79718, C059, 701.8071
124.34904, C059, 569.4379
125.95096, C059, 707.8854
127.30258, C059, 679.3731
218.66208, C059, 1002.228
225.16988, C059, 600.7585
240.63842, C059, 735.5
242.49064, C059, 897.2114
243.59196, C059, 1009.75
251.0509, C059, 733.8517
257.458579, C059, 1043.043
260.01164, C059, 733.8509
288.99638, C059, 709.7479
2.95354, C060, 1499.001
6.45774, C060, 2387.354
8.30996, C060, 1004.556
9.41128, C060, 822.4313
11.46374, C060, 1061.16
17.07046, C060, 1330.804
20.07406, C060, 1098.905
22.72724, C060, 1504.102
23.2779, C060, 904.9333
28.48414, C060, 786.2993
29.7857, C060, 1814.735
37.2947, C060, 992.6511
42.551, C060, 1498.994
45.054, C060, 1186.329
51.86216, C060, 1569.691
52.71318, C060, 1656.175
57.21858, C060, 1625.823
61.5738, C060, 1566.576
62.87536, C060, 729.6046
66.93022000000001, C060, 1157.959
69.98388, C060, 1775.334
78.39396000000001, C060, 1795.032
79.64546, C060, 1514.078
82.34869999999999, C060, 1831.22
93.1116, C060, 1171.398
94.11279999999999, C060, 1531.379
95.31424, C060, 1257.252
98.16766, C060, 1914.942
100.77078, C060, 1825.208
124.99982, C060, 1578.255
156.63774, C060, 1581.764
186.9741, C060, 1216.044
188.57602, C060, 741.9955
196.78586, C060, 1670.26
197.4867, C060, 1301.607
201.94204, C060, 1232.437
203.84432, C060, 1562.676
210.90278, C060, 1543.115
216.2592, C060, 827.909
220.91478, C060, 808.2998
225.5203, C060, 957.4009
227.87312, C060, 1197.263
231.57756, C060, 1145.544
244.64322, C060, 1076.101
255.65642, C060, 865.3636
257.10816, C060, 821.8401
272.67682, C060, 1324.791
286.0929, C060, 1688.405
287.79494, C060, 1486.038
296.75568, C060, 1776.609
299.80934, C060, 1005.562
301.1109, C060, 771.5617
315.82854, C060, 1140.843
2.85342, C061, 920.6803
3.70444, C061, 987.1866
8.860620000000001, C061, 965.2502
11.56386, C061, 1147.492
105.02588, C061, 1306.001
183.9705, C061, 1273.837
186.27326, C061, 998.7057
241.43938, C061, 958.9085
303.6139, C061, 1306.193
306.6175, C061, 1731.546
8.410080000000001, C062, 782.6432
9.46134, C062, 601.39
53.41402, C062, 690.0718
90.65866, C062, 1791.818
153.73426, C062, 816.7466
193.03136, C062, 569.9844
25.68078, C063, 1208.575
30.2863, C063, 665.9874
32.438879, C063, 481.3014
39.44728, C063, 596.4256
93.41195999999999, C063, 795.258
98.66826, C063, 563.6412
102.67306, C063, 619.4568
124.69946, C063, 552.3159
127.60294, C063, 638.7932
145.02382, C063, 609.5946
145.47436, C063, 561.6498
148.37784, C063, 620.8428
150.4303, C063, 560.8851
153.63414, C063, 751.8678
167.85118, C063, 523.3175
191.07902, C063, 604.1974
199.03856, C063, 659.5167
229.32486, C063, 601.3136
237.43458, C063, 701.3586
251.70168, C063, 594.1931
269.67322, C063, 670.6974
272.37646, C063, 744.2953
52.21258, C064, 1055.104
57.11846, C064, 684.0471
59.12086, C064, 876.3422
63.52614, C064, 661.2032
67.88136, C064, 1045.679
74.73958, C064, 679.8398
77.94342, C064, 554.3719
114.93776, C064, 1173.45
118.09154, C064, 1144.08
120.09394, C064, 814.1824
125.75072, C064, 782.9861
127.30258, C064, 760.9753
129.45516, C064, 615.415
133.05948, C064, 713.983
135.81278, C064, 1093.826
137.31458, C064, 817.1578
137.81518, C064, 571.7746
139.51722, C064, 518.6912
142.9213, C064, 843.5035
149.72946, C064, 697.7426
152.13234, C064, 1049.956
153.58408, C064, 583.6516
155.03582, C064, 1091.983
172.50676, C064, 894.3679
175.81072, C064, 843.6019
186.12308, C064, 768.8555
188.02536, C064, 595.8348
196.38538, C064, 631.5707
220.21394, C064, 503.0058
236.68368, C064, 915.3295
239.63722, C064, 723.4862
241.48944, C064, 1194.701
244.7934, C064, 984.4676
252.70288, C064, 844.4128
253.95438, C064, 730.1115
258.0593, C064, 633.0402
260.61236, C064, 733.3668
261.86386, C064, 977.778
265.36806, C064, 836.3964
268.17142, C064, 851.286
270.324, C064, 561.892
271.27514, C064, 875.2727
273.37766, C064, 656.3179
274.92952, C064, 720.2539
292.30034, C064, 704.6999
298.95832, C064, 702.1804
19.7737, C065, 498.7665
21.32556, C065, 490.8388
22.97754, C065, 661.7701
23.7785, C065, 759.4203
26.13132, C065, 479.5171
78.04353999999999, C065, 730.8763
79.5954, C065, 1196.272
167.90124, C065, 637.1226
171.40544, C065, 542.0564
172.10628, C065, 710.1347
173.85838, C065, 614.0365
182.56882, C065, 631.769
186.07302, C065, 853.9775
196.58562, C065, 690.6261
200.59042, C065, 647.3213
205.84672, C065, 1150.446
216.5095, C065, 629.4997
231.47744, C065, 971.7358
295.55424, C065, 529.3606
302.46252, C065, 745.6372
313.22542, C065, 523.1799
315.72842, C065, 522.0109
15.5186, C066, 3268.173
23.42808, C066, 2246.793
50.16012, C066, 1668.296
54.96588, C066, 2862.343
100.82084, C066, 2247.031
133.05948, C066, 2312.804
136.76392, C066, 2852.408
143.4219, C066, 2397.778
147.62694, C066, 1951.564
151.98216, C066, 2357.736
175.9609, C066, 1804.186
192.88118, C066, 2546.644
206.9981, C066, 2616.482
286.74368, C066, 3074.057
291.49938, C066, 1851.069
23.17778, C067, 1856.161
28.38402, C067, 1700.032
29.83576, C067, 2819.462
44.65352, C067, 1673.809
45.054, C067, 1994.292
51.46168, C067, 1820.663
53.66432, C067, 2317.303
69.3331, C067, 2010.039
71.98627999999999, C067, 3552.134
79.89576, C067, 1848.513
88.50608, C067, 2450.237
96.01508, C067, 3222.366
99.66946, C067, 2894.252
101.72192, C067, 2299.424
104.6254, C067, 1944.659
109.73152, C067, 3342.137
113.18566, C067, 2189.623
114.08674, C067, 2081.436
116.68986, C067, 2707.554
125.75072, C067, 2471.258
135.61254, C067, 1838.543
137.21446, C067, 2910.951
142.12034, C067, 2463.852
143.97256, C067, 3025.777
147.47676, C067, 2117.481
151.28132, C067, 2593.435
158.08948, C067, 1964.201
168.00136, C067, 1835.966
172.05622, C067, 1990.524
174.2088, C067, 2656.655
176.31132, C067, 1700.822
199.18874, C067, 1996.57
234.23074, C067, 1827.244
238.7862, C067, 1578.283
260.912719, C067, 2056.283
262.11416, C067, 2383.168
264.51704, C067, 2772.767
267.87106, C067, 2076.072
271.27514, C067, 1973.445
274.47898, C067, 2193.448
278.3336, C067, 2645.772
282.98918, C067, 1667.429
291.54944, C067, 1742.624
304.76528, C067, 2094.781
313.6259, C067, 2433.95
15.06806, C068, 1290.674
18.12172, C068, 628.3932
21.07526, C068, 1500.183
22.0264, C068, 631.2303
39.84776, C068, 677.813
43.70238, C068, 528.4561
48.40802, C068, 1045.26
51.5618, C068, 1129.879
76.24138000000001, C068, 872.3228
160.14194, C068, 576.9703
160.89284, C068, 799.3777
170.10388, C068, 886.1006
173.85838, C068, 1021.823
180.216, C068, 972.8406
182.01816, C068, 587.3094
186.57362, C068, 1069.65
190.37818, C068, 810.1193
195.58442, C068, 871.9232
200.03976, C068, 928.8109
209.65128, C068, 839.6713
210.45224, C068, 1055.469
212.45464, C068, 1121.597
215.95884, C068, 1043.852
220.5143, C068, 861.5511
222.0161, C068, 684.8658
223.71814, C068, 907.4336
226.32126, C068, 1382.557
231.37732, C068, 1259.078
286.74368, C068, 620.3976
294.1025, C068, 593.1864
308.01918, C068, 528.4937
309.77128, C068, 922.0381
313.52578, C068, 628.2103
315.57824, C068, 568.961
6.90828, C069, 769.9535
7.30876, C069, 1028.524
11.11332, C069, 1304.412
14.21704, C069, 733.8329
19.57346, C069, 1625.056
23.17778, C069, 868.7047
31.33756, C069, 747.4788
31.5378, C069, 920.7995
33.89062, C069, 933.812
39.64752, C069, 1032.338
43.60226, C069, 935.9684
49.8097, C069, 1245.909
50.96108, C069, 1204.614
74.98988, C069, 898.9047
77.04234, C069, 985.0038
78.74438000000001, C069, 769.1256
111.08314, C069, 792.0059
111.93416, C069, 897.564
118.49202, C069, 798.9493
126.50162, C069, 1099.578
141.56968, C069, 968.0096
160.14194, C069, 827.7346
167.40064, C069, 1520.139
169.30292, C069, 770.3538
174.50916, C069, 995.9465
187.52476, C069, 831.1373
191.12908, C069, 955.2282
193.28166, C069, 1214.78
195.93484, C069, 1160.033
198.83832, C069, 1014.379
200.4903, C069, 1196.659
202.34252, C069, 882.9886
209.90158, C069, 1027.917
213.05536, C069, 768.9511
214.05656, C069, 907.967
224.56916, C069, 764.1472
226.17108, C069, 822.9164
230.42618, C069, 891.2871
272.3264, C069, 1277.752
283.23948, C069, 1101.462
284.54104, C069, 1153.384
292.95112, C069, 1045.26
307.16816, C069, 836.4392
309.17056, C069, 1711.01
311.92386, C069, 818.124
314.17656, C069, 728.5696
314.57704, C069, 797.2661
1.05126, C070, 1258.936
2.10252, C070, 1259.5
4.2551, C070, 857.2659
8.510199999999999, C070, 1261.428
20.67478, C070, 1044.104
24.2791, C070, 1730.432
28.73444, C070, 1041.804
29.83576, C070, 1074.029
49.8097, C070, 826.7148
52.11246, C070, 1063.249
53.01354, C070, 890.739
57.66912, C070, 1015.345
59.67152, C070, 941.4271
60.87296, C070, 973.694
62.8253, C070, 1184.215
79.94582, C070, 1458.186
81.3475, C070, 889.7484
83.19972, C070, 1147.229
89.00668, C070, 1020.988
90.3583, C070, 1203.078
92.36069999999999, C070, 1037.957
93.76237999999999, C070, 738.5931
94.96382, C070, 970.2634
96.1152, C070, 1382.32
97.46682, C070, 966.0629
98.66826, C070, 1218.755
102.72312, C070, 818.0015
105.17606, C070, 1524.269
108.98062, C070, 977.36
114.58734, C070, 1682.877
119.09274, C070, 1270.447
120.84484, C070, 1303.556
124.94976, C070, 998.7576
133.51002, C070, 1146.395
134.4111, C070, 925.916
135.51242, C070, 1145.978
136.86404, C070, 1133.52
138.06548, C070, 1108.889
139.1668, C070, 913.0106
141.11914, C070, 1035.818
143.32178, C070, 1068.755
144.97376, C070, 1157.223
146.07508, C070, 837.8959
148.82838, C070, 1375.27
150.33018, C070, 780.8445
152.73306, C070, 837.61
154.6854, C070, 1145.169
156.53762, C070, 1088.313
192.28046, C070, 733.3156
197.78706, C070, 853.83
207.54876, C070, 737.3419
211.10302, C070, 970.0692
217.06016, C070, 1295.907
218.56196, C070, 1003.693
225.0197, C070, 1168.521
232.17828, C070, 1596.881
238.88632, C070, 827.7581
239.58716, C070, 759.2687
245.64442, C070, 836.3849
249.59916, C070, 1571.166
252.00204, C070, 797.7673
253.85426, C070, 787.309
287.5947, C070, 1187.828
53.01354, C071, 1819.107
59.77164, C071, 2337.637
67.23058, C071, 1446.764
70.8349, C071, 1583.155
73.38796000000001, C071, 2266.875
80.19611999999999, C071, 1925
83.95062, C071, 2116.389
90.40836, C071, 2691.277
94.86369999999999, C071, 1516.163
101.07114, C071, 2896.804
107.32864, C071, 2221.344
127.4027, C071, 1547.657
232.07816, C071, 1677.977
256.056899, C071, 1497.2
0.35042, C072, 1100.952
1.45174, C072, 842.4669
14.06686, C072, 751.5063
14.41728, C072, 714.3928
16.16938, C072, 1009.401
21.22544, C072, 943.7355
22.07646, C072, 769.7787
28.08366, C072, 1160.343
32.73924, C072, 851.5475
36.59386, C072, 1094.634
38.94668, C072, 832.4974
42.20058, C072, 703.5903
43.00154, C072, 742.5687
43.65232, C072, 779.4285
50.91102, C072, 834.0902
70.18411999999999, C072, 819.6768
78.79443999999999, C072, 1172.106
89.50727999999999, C072, 913.8013
91.25937999999999, C072, 1023.726
92.96142, C072, 1012.074
95.46442, C072, 1045.174
96.76598, C072, 869.309
116.28938, C072, 861.9166
121.74592, C072, 776.447
123.3979, C072, 767.6691
140.06788, C072, 703.4548
147.77712, C072, 1678.192
148.9285, C072, 1224.932
151.53162, C072, 1202.344
157.78912, C072, 1659.136
164.89764, C072, 1107.175
167.35058, C072, 803.2877
174.55922, C072, 1023.699
175.36018, C072, 722.4688
186.57362, C072, 1295.728
202.89318, C072, 817.7697
204.7454, C072, 806.7528
211.85392, C072, 806.5405
230.62642, C072, 777.7629
2.35282, C073, 1797.1
3.20384, C073, 1715.379
4.2551, C073, 1263.786
7.05846, C073, 2240.227
8.71044, C073, 1656.698
11.36362, C073, 1946.848
13.06566, C073, 1758.423
15.5186, C073, 1807.999
17.87142, C073, 1657.098
20.07406, C073, 2340.652
23.17778, C073, 1412.246
24.32916, C073, 2012.647
28.48414, C073, 1994.408
30.5366, C073, 1663.119
32.48894, C073, 1721.294
37.34476, C073, 2304.054
42.95148, C073, 2399.442
47.95748, C073, 1950.879
52.36276, C073, 1950.673
53.46408, C073, 1517.644
57.76924, C073, 1848.248
60.97308, C073, 1924.521
72.13646, C073, 2159.208
79.69552, C073, 1925.679
80.84690000000001, C073, 1416.833
82.0984, C073, 1203.617
84.00068, C073, 1538.377
89.80764000000001, C073, 2250.112
94.31304, C073, 2008.317
97.41676, C073, 2126.013
104.97582, C073, 1750.021
107.17846, C073, 1664.516
109.93176, C073, 1497.405
115.93896, C073, 1595.582
124.3991, C073, 2182.056
126.35144, C073, 1367.415
142.12034, C073, 2276.882
145.97496, C073, 1819.298
149.12874, C073, 1212.725
150.73066, C073, 1526.343
158.33978, C073, 1373.385
165.74866, C073, 1732.022
168.10148, C073, 1606.947
172.10628, C073, 1750.84
175.86078, C073, 1292.325
188.17554, C073, 1626.822
203.89438, C073, 1831.601
205.84672, C073, 1193.165
223.5179, C073, 1478.538
225.16988, C073, 1838.387
228.2736, C073, 1534.153
232.12822, C073, 1736.921
238.68608, C073, 1830.846
259.310799, C073, 1449.037
262.01404, C073, 2385.261
264.76734, C073, 1565.297
266.76974, C073, 1265.04
269.87346, C073, 1585.297
289.04644, C073, 1788.682
29.7857, C074, 556.1635
29.88582, C074, 761.5001
30.48654, C074, 602.9999
53.71438, C074, 554.3827
137.1644, C074, 550.088
151.33138, C074, 642.8779
170.30412, C074, 530.794
221.71574, C074, 727.9092
222.11622, C074, 872.3629
229.17468, C074, 1046.67
229.67528, C074, 1216.132
242.39052, C074, 596.5709
262.26434, C074, 643.8281
154.38504, C075, 866.053
164.59728, C075, 1388.326
176.4615, C075, 704.627
178.01336, C075, 910.8806
193.53196, C075, 632.1622
217.36052, C075, 670.1288
217.66088, C075, 761.5708
218.5119, C075, 793.1343
220.41418, C075, 761.0921
225.42018, C075, 612.1152
230.87672, C075, 645.4282
233.68008, C075, 1673.175
233.98044, C075, 678.5226
258.3096, C075, 630.5192
259.511039, C075, 1001.078
260.51224, C075, 717.4505
261.36326, C075, 786.6528
265.16782, C075, 726.3553
270.324, C075, 827.5267
271.37526, C075, 900.7502
281.73768, C075, 887.5032
287.94512, C075, 737.5417
292.6007, C075, 983.7033
303.31354, C075, 978.0347
306.16696, C075, 691.6823
306.41726, C075, 726.7488
307.71882, C075, 646.2523
315.82854, C075, 824.9598
87.55494, C076, 865.9534
159.79152, C076, 724.0294
41.19938, C077, 1338.488
64.77764000000001, C077, 1039.848
71.13526, C077, 1003.823
108.22972, C077, 1173.961
121.69586, C077, 1263.635
132.558879, C077, 1393.643
135.71266, C077, 1743.197
213.45584, C077, 1159.569
258.15942, C077, 1192.096
260.46218, C077, 1264.606
263.3156, C077, 1552.103
274.8294, C077, 1026.422
302.21222, C077, 1634.745
315.1277, C077, 1125.447
5.35642, C078, 832.3821
13.06566, C078, 900.5388
30.23624, C078, 776.0922
46.10526, C078, 743.6826
83.04953999999999, C078, 804.3655
95.91495999999999, C078, 1013.173
98.76837999999999, C078, 1299.719
106.22732, C078, 845.8451
119.99382, C078, 945.2761
154.33498, C078, 1006.215
157.23846, C078, 720.2054
233.2796, C078, 855.767
235.5323, C078, 867.1154
22.22664, C079, 688.6985
22.42688, C079, 613.4165
27.2827, C079, 643.2728
28.18378, C079, 1118.094
29.48534, C079, 849.6581
63.22578, C079, 592.7082
98.76837999999999, C079, 802.8602
105.77678, C079, 614.4581
117.69106, C079, 739.2786
118.3919, C079, 917.2344
121.84604, C079, 669.3884
129.35504, C079, 568.6644
138.31578, C079, 709.0172
141.71986, C079, 792.578
164.89764, C079, 1064.648
165.9489, C079, 702.1523
166.9501, C079, 601.6995
169.9537, C079, 720.1877
192.83112, C079, 1003.338
193.33172, C079, 861.3696
197.93724, C079, 800.2096
201.89198, C079, 648.0864
210.20194, C079, 584.9191
233.32966, C079, 886.2404
233.7802, C079, 854.655
234.5311, C079, 575.8971
249.39892, C079, 642.9841
251.85186, C079, 595.2522
253.00324, C079, 923.4682
253.3036, C079, 604.486
271.37526, C079, 625.8737
292.95112, C079, 574.6625
14.96794, C080, 1408.206
116.84004, C081, 841.1492
212.15428, C081, 1145.744
13.81656, C082, 966.5924
20.57466, C082, 1093.364
21.47574, C082, 1011.671
23.67838, C082, 1106.573
37.7953, C082, 1005.041
41.8001, C082, 1668.388
42.70118, C082, 898.6765
52.16252, C082, 1008.736
58.11966, C082, 1079.82
63.52614, C082, 885.1329
110.93296, C082, 1504.283
178.61408, C082, 1084.495
181.81792, C082, 1058.379
202.64288, C082, 993.5421
209.5011, C082, 899.497
213.35572, C082, 984.0662
214.15668, C082, 1108.55
218.21154, C082, 1045.027
220.81466, C082, 1063.149
225.37012, C082, 1119.93
230.97684, C082, 1343.909
295.70442, C082, 949.4263
301.91186, C082, 989.0927
1.30156, C083, 730.6006
5.20624, C083, 1345.911
13.31596, C083, 701.61
14.7677, C083, 1111.314
16.06926, C083, 1101.155
33.59026, C083, 844.4005
49.10886, C083, 693.3644
54.11486, C083, 633.4548
59.02074, C083, 620.7816
62.575, C083, 645.5564
69.88376, C083, 679.9772
73.18772, C083, 650.8427
73.68832, C083, 707.1531
80.54653999999999, C083, 1054.439
81.3475, C083, 758.7598
83.75038000000001, C083, 645.1604
85.50248000000001, C083, 603.32
86.75398, C083, 645.2139
97.36669999999999, C083, 752.4658
98.76837999999999, C083, 797.9553
103.22372, C083, 578.0048
104.67546, C083, 829.1534
115.98902, C083, 640.2778
123.6482, C083, 670.8235
124.6494, C083, 605.9529
132.05828, C083, 899.0317
159.49116, C083, 658.5988
189.57722, C083, 585.9247
192.63088, C083, 647.0093
217.66088, C083, 804.4964
218.21154, C083, 625.1756
236.83386, C083, 839.1781
239.83746, C083, 627.0189
241.43938, C083, 846.4816
242.24034, C083, 600.1198
271.52544, C083, 862.8154
290.19782, C083, 947.8021
292.15016, C083, 683.766
307.3684, C083, 654.2195
13.41608, C086, 1486.733
38.19578, C086, 879.2435
54.86576, C086, 712.162
105.6266, C086, 945.0843
105.82684, C086, 844.374
126.4015, C086, 973.8815
164.54722, C086, 733.5643
179.56522, C086, 696.16
200.39018, C086, 681.1104
307.56864, C086, 754.7347
313.72602, C086, 851.9934
6.55786, C087, 1189.191
27.23264, C087, 957.6161
30.7869, C087, 1055.582
34.14092, C087, 1084.316
41.39962, C087, 1458.714
84.40116, C087, 946.0684
108.02948, C087, 868.5052
128.954559, C087, 1280.974
179.01456, C087, 885.244
187.17434, C087, 878.6508
199.58922, C087, 1154.971
205.39618, C087, 981.4214
230.87672, C087, 985.4031
261.663619, C087, 1001.374
262.965179, C087, 1110.685
269.42292, C087, 953.2271
279.28474, C087, 898.7091
10.91308, C088, 549.2062
21.12532, C088, 569.6005
22.17658, C088, 768.4632
36.7941, C088, 508.9735
37.59506, C088, 690.4238
47.20658, C088, 589.4562
50.51054, C088, 520.9965
51.21138, C088, 556.5652
87.00427999999999, C088, 652.855
98.51808, C088, 776.314
100.17006, C088, 655.7463
105.47642, C088, 600.9886
122.19646, C088, 502.4
147.82718, C088, 532.7001
149.32898, C088, 870.5109
181.01696, C088, 641.486
181.26726, C088, 508.6516
185.07182, C088, 749.0892
198.68814, C088, 555.5698
201.09102, C088, 882.4421
202.34252, C088, 694.2906
210.65248, C088, 733.6446
212.45464, C088, 798.606
213.20554, C088, 610.818
215.45824, C088, 920.8778
223.71814, C088, 555.8117
228.62402, C088, 1373.92
279.13456, C088, 586.988
283.13936, C088, 790.7743
288.14536, C088, 675.6786
294.70322, C088, 638.0198
296.65556, C088, 786.613
297.05604, C088, 510.0718
301.51138, C088, 817.5259
307.51858, C088, 518.6938
311.27308, C088, 544.719
314.17656, C088, 970.3267
34.2911, C090, 959.5121
36.74404, C090, 775.1722
71.78604, C090, 872.1581
140.06788, C090, 941.4708
181.86798, C090, 791.0562
227.57276, C090, 735.2333
63.17572, C091, 773.562
294.65316, C091, 747.0415
22.82736, C092, 635.9706
31.08726, C092, 521.5029
47.10646, C092, 888.4532
103.02348, C092, 530.4479
107.3787, C092, 819.7561
131.70786, C092, 766.1449
136.6638, C092, 593.1926
140.96896, C092, 506.2732
141.71986, C092, 566.0994
150.12994, C092, 493.4752
184.37098, C092, 516.0978
201.14108, C092, 790.1119
210.70254, C092, 600.2306
263.165419, C092, 658.6385
280.28594, C092, 543.7971
292.45052, C092, 591.9372
306.21702, C092, 487.9364
170.80472, C093, 681.6454
258.40972, C093, 986.7111
264.466979, C093, 846.2697
264.91752, C093, 748.1321
12.46494, C094, 849.1426
13.0156, C094, 791.0331
18.07166, C094, 752.0027
51.5618, C094, 739.7862
66.02914, C094, 952.2668
67.0804, C094, 955.5102
67.98148, C094, 784.325
72.8373, C094, 725.0299
81.59780000000001, C094, 777.9882
105.97702, C094, 734.9984
106.3775, C094, 838.5471
126.95216, C094, 658.751
137.61494, C094, 690.7371
163.9465, C094, 670.8734
165.64854, C094, 690.092
167.65094, C094, 700.2244
179.81552, C094, 656.3212
180.16594, C094, 728.8369
195.38418, C094, 782.808
195.53436, C094, 650.3075
210.5023, C094, 868.6892
212.20434, C094, 786.9367
220.264, C094, 1096.895
221.71574, C094, 666.5504
221.81586, C094, 761.8582
222.66688, C094, 705.3668
222.81706, C094, 882.0921
224.91958, C094, 630.8464
250.90072, C094, 678.1196
261.71368, C094, 648.3558
290.8486, C094, 760.2898
290.99878, C094, 866.1997
295.65436, C094, 721.97
304.06444, C094, 791.2472
10.11212, C095, 528.9966
45.85496, C095, 511.5686
53.01354, C095, 644.6646
56.21738, C095, 550.3753
61.62386, C095, 509.6203
63.8265, C095, 554.2056
64.22698, C095, 789.3347
67.23058, C095, 512.0614
72.43682, C095, 831.713
74.13885999999999, C095, 1026.531
76.19132, C095, 774.4604
103.77438, C095, 668.4858
109.53128, C095, 631.5043
112.18446, C095, 744.4543
124.04868, C095, 581.3987
201.04096, C095, 643.3602
213.60602, C095, 831.4653
216.05896, C095, 560.0845
233.68008, C095, 595.4907
239.5371, C095, 561.0093
271.67562, C095, 1310.198
280.13576, C095, 721.7924
300.6103, C095, 537.7261
23.97874, C096, 574.6264
128.1536, C096, 558.955
272.87706, C096, 572.049
240.63842, C099, 1846.194
239.93758, C100, 1162.825
12.11452, C102, 929.3623
28.5342, C102, 563.5525
49.60946, C102, 790.3729
140.06788, C102, 719.4784
144.27292, C102, 722.729
145.57448, C102, 650.759
147.47676, C102, 580.9586
154.83558, C102, 723.9522
315.82854, C102, 834.3055
64.27704, C103, 641.686
146.57568, C103, 646.6965
150.38024, C103, 644.6017
165.29812, C103, 598.3015
197.03616, C103, 708.6932
247.19628, C103, 669.9348
249.0485, C103, 601.6738
268.17142, C103, 935.1157
315.92866, C103, 840.597
29.68558, C104, 1170.638
33.08966, C104, 763.8486
33.18978, C104, 1080.328
33.339959, C104, 823.579
92.51088, C104, 706.2456
240.23794, C104, 1247.372
293.3516, C104, 708.4454
53.11366, C105, 1165.6
161.99416, C105, 912.4398
53.0636, C106, 828.1065
134.31098, C106, 1257.245
265.0677, C106, 1087.28
79.39516, C107, 505.2444
94.16285999999999, C107, 729.3679
189.42704, C107, 513.1727
270.12376, C107, 570.3915
270.77454, C107, 489.0714
289.94752, C107, 655.2036
25.58066, C108, 738.3973
125.75072, C108, 486.2717
128.85444, C108, 646.4559
183.31972, C108, 475.4829
206.94804, C108, 807.2253
261.463379, C108, 437.0892
33.5402, C109, 703.2672
202.34252, C109, 496.1881
250.65042, C109, 457.7959
252.85306, C109, 494.1506
258.660019, C109, 541.9657
262.76494, C109, 479.9459
25.7809, C110, 663.612
53.11366, C110, 937.7782
53.26384, C110, 859.2479
94.86369999999999, C110, 628.8805
16.46974, C111, 722.0037
21.0252, C111, 971.4741
22.22664, C111, 500.0054
29.93588, C111, 460.1097
53.0636, C111, 660.6465
95.46442, C111, 573.2206
185.02176, C111, 463.0222
240.38812, C111, 498.6069
242.0401, C111, 491.9782
258.71008, C111, 504.023
3.70444, C112, 537.8959
46.70598, C112, 983.0233
53.0636, C112, 582.2042
137.81518, C112, 419.0057
140.4183, C112, 524.5239
151.28132, C112, 411.8177
155.186, C112, 435.8717
179.31492, C112, 509.4195
218.06136, C112, 552.1456
232.32846, C112, 793.3041
238.18548, C112, 540.7198
314.47692, C112, 422.4184
12.31476, C113, 521.8829
53.21378, C113, 554.8321
47.60706, C115, 380.0187
52.91342, C115, 377.305
158.08948, C115, 477.7913
234.38092, C115, 491.4932
236.08296, C115, 613.826
241.2892, C115, 537.0604
0.95114, C116, 466.7349
136.9141, C116, 369.8098
158.84038, C116, 445.7057
257.5587, C116, 369.6879
258.60996, C116, 411.2519
260.061699, C116, 381.398
260.812599, C116, 466.0187
269.72328, C116, 853.8511
11.36362, C117, 315.0066
23.82856, C117, 693.5801
46.50574, C117, 314.5632
134.36104, C117, 447.1069
140.46836, C117, 321.137
148.1776, C117, 390.8341
155.23606, C117, 380.296
167.40064, C117, 342.7095
180.81672, C117, 322.2443
184.07062, C117, 335.5234
188.07542, C117, 441.6586
188.9765, C117, 373.642
194.93364, C117, 356.8605
208.60002, C117, 534.6438
216.20914, C117, 450.6372
220.06376, C117, 387.1913
224.66928, C117, 299.8094
225.37012, C117, 362.8056
226.47144, C117, 362.0883
228.17348, C117, 463.2047
0.7509, C118, 381.2192
29.68558, C118, 361.0391
31.7881, C118, 447.8539
52.96348, C118, 489.6382
94.76358, C118, 401.8092
166.09908, C118, 362.4715
187.4747, C118, 389.9665
190.37818, C118, 360.6243
191.62968, C118, 368.3648
240.83866, C118, 378.4253
258.3096, C118, 425.306
261.8138, C118, 741.2092
262.414519, C118, 639.1014
263.816199, C118, 442.4587
267.170219, C118, 482.5645
0.7509, C119, 356.9396
3.40408, C119, 321.244
21.2755, C119, 337.8365
162.4447, C119, 341.4734
258.660019, C119, 379.5707
263.76614, C119, 361.7671
264.61716, C119, 317.409
265.0677, C119, 445.6212
